,theta,phi,lam,p0_0,p1_0,p0_1,p1_1,depol_prob,t1,t2,population,E
0,0.0,0.0,0.0,0.94,0.06000000000000005,0.06000000000000005,0.94,0.0,34000.0,6071.428571428572,0.0,0.064697265625
1,0.0,0.0,0.0,0.94,0.06000000000000005,0.06000000000000005,0.94,0.001,34000.0,6071.428571428572,0.0,0.05908203125
2,0.0,0.0,0.0,0.94,0.06000000000000005,0.06000000000000005,0.94,0.0,34000.0,6071.428571428572,1.0,0.062744140625
3,0.0,0.0,0.0,0.94,0.06000000000000005,0.06000000000000005,0.94,0.001,34000.0,6071.428571428572,1.0,0.05712890625
4,0.0,0.0,0.0,0.94,0.06000000000000005,0.06000000000000005,0.94,0.0,34000.0,52307.692307692305,0.0,0.062255859375
5,0.0,0.0,0.0,0.94,0.06000000000000005,0.06000000000000005,0.94,0.001,34000.0,52307.692307692305,0.0,0.061279296875
6,0.0,0.0,0.0,0.94,0.06000000000000005,0.06000000000000005,0.94,0.0,34000.0,52307.692307692305,1.0,0.0498046875
7,0.0,0.0,0.0,0.94,0.06000000000000005,0.06000000000000005,0.94,0.001,34000.0,52307.692307692305,1.0,0.06640625
8,0.0,0.0,0.0,0.94,0.06000000000000005,0.06000000000000005,0.94,0.0,190000.0,33928.57142857143,0.0,0.06396484375
9,0.0,0.0,0.0,0.94,0.06000000000000005,0.06000000000000005,0.94,0.001,190000.0,33928.57142857143,0.0,0.0625
10,0.0,0.0,0.0,0.94,0.06000000000000005,0.06000000000000005,0.94,0.0,190000.0,33928.57142857143,1.0,0.054931640625
11,0.0,0.0,0.0,0.94,0.06000000000000005,0.06000000000000005,0.94,0.001,190000.0,33928.57142857143,1.0,0.051513671875
12,0.0,0.0,0.0,0.94,0.06000000000000005,0.06000000000000005,0.94,0.0,190000.0,292307.6923076923,0.0,0.06103515625
13,0.0,0.0,0.0,0.94,0.06000000000000005,0.06000000000000005,0.94,0.001,190000.0,292307.6923076923,0.0,0.06103515625
14,0.0,0.0,0.0,0.94,0.06000000000000005,0.06000000000000005,0.94,0.0,190000.0,292307.6923076923,1.0,0.050048828125
15,0.0,0.0,0.0,0.94,0.06000000000000005,0.06000000000000005,0.94,0.001,190000.0,292307.6923076923,1.0,0.06494140625
16,0.0,0.0,0.0,0.94,0.06000000000000005,0.0,1.0,0.0,34000.0,6071.428571428572,0.0,0.064697265625
17,0.0,0.0,0.0,0.94,0.06000000000000005,0.0,1.0,0.001,34000.0,6071.428571428572,0.0,0.060546875
18,0.0,0.0,0.0,0.94,0.06000000000000005,0.0,1.0,0.0,34000.0,6071.428571428572,1.0,0.056396484375
19,0.0,0.0,0.0,0.94,0.06000000000000005,0.0,1.0,0.001,34000.0,6071.428571428572,1.0,0.055908203125
20,0.0,0.0,0.0,0.94,0.06000000000000005,0.0,1.0,0.0,34000.0,52307.692307692305,0.0,0.06298828125
21,0.0,0.0,0.0,0.94,0.06000000000000005,0.0,1.0,0.001,34000.0,52307.692307692305,0.0,0.0576171875
22,0.0,0.0,0.0,0.94,0.06000000000000005,0.0,1.0,0.0,34000.0,52307.692307692305,1.0,0.0576171875
23,0.0,0.0,0.0,0.94,0.06000000000000005,0.0,1.0,0.001,34000.0,52307.692307692305,1.0,0.056640625
24,0.0,0.0,0.0,0.94,0.06000000000000005,0.0,1.0,0.0,190000.0,33928.57142857143,0.0,0.0576171875
25,0.0,0.0,0.0,0.94,0.06000000000000005,0.0,1.0,0.001,190000.0,33928.57142857143,0.0,0.057861328125
26,0.0,0.0,0.0,0.94,0.06000000000000005,0.0,1.0,0.0,190000.0,33928.57142857143,1.0,0.055908203125
27,0.0,0.0,0.0,0.94,0.06000000000000005,0.0,1.0,0.001,190000.0,33928.57142857143,1.0,0.05712890625
28,0.0,0.0,0.0,0.94,0.06000000000000005,0.0,1.0,0.0,190000.0,292307.6923076923,0.0,0.053466796875
29,0.0,0.0,0.0,0.94,0.06000000000000005,0.0,1.0,0.001,190000.0,292307.6923076923,0.0,0.052490234375
30,0.0,0.0,0.0,0.94,0.06000000000000005,0.0,1.0,0.0,190000.0,292307.6923076923,1.0,0.05712890625
31,0.0,0.0,0.0,0.94,0.06000000000000005,0.0,1.0,0.001,190000.0,292307.6923076923,1.0,0.054931640625
32,0.0,0.0,0.0,1.0,0.0,0.06000000000000005,0.94,0.0,34000.0,6071.428571428572,0.0,0.0
33,0.0,0.0,0.0,1.0,0.0,0.06000000000000005,0.94,0.001,34000.0,6071.428571428572,0.0,0.0
34,0.0,0.0,0.0,1.0,0.0,0.06000000000000005,0.94,0.0,34000.0,6071.428571428572,1.0,0.0
35,0.0,0.0,0.0,1.0,0.0,0.06000000000000005,0.94,0.001,34000.0,6071.428571428572,1.0,0.0
36,0.0,0.0,0.0,1.0,0.0,0.06000000000000005,0.94,0.0,34000.0,52307.692307692305,0.0,0.0
37,0.0,0.0,0.0,1.0,0.0,0.06000000000000005,0.94,0.001,34000.0,52307.692307692305,0.0,0.0
38,0.0,0.0,0.0,1.0,0.0,0.06000000000000005,0.94,0.0,34000.0,52307.692307692305,1.0,0.0
39,0.0,0.0,0.0,1.0,0.0,0.06000000000000005,0.94,0.001,34000.0,52307.692307692305,1.0,0.0
40,0.0,0.0,0.0,1.0,0.0,0.06000000000000005,0.94,0.0,190000.0,33928.57142857143,0.0,0.0
41,0.0,0.0,0.0,1.0,0.0,0.06000000000000005,0.94,0.001,190000.0,33928.57142857143,0.0,0.0
42,0.0,0.0,0.0,1.0,0.0,0.06000000000000005,0.94,0.0,190000.0,33928.57142857143,1.0,0.0
43,0.0,0.0,0.0,1.0,0.0,0.06000000000000005,0.94,0.001,190000.0,33928.57142857143,1.0,0.0
44,0.0,0.0,0.0,1.0,0.0,0.06000000000000005,0.94,0.0,190000.0,292307.6923076923,0.0,0.0
45,0.0,0.0,0.0,1.0,0.0,0.06000000000000005,0.94,0.001,190000.0,292307.6923076923,0.0,0.0
46,0.0,0.0,0.0,1.0,0.0,0.06000000000000005,0.94,0.0,190000.0,292307.6923076923,1.0,0.0
47,0.0,0.0,0.0,1.0,0.0,0.06000000000000005,0.94,0.001,190000.0,292307.6923076923,1.0,0.0
48,0.0,0.0,0.0,1.0,0.0,0.0,1.0,0.0,34000.0,6071.428571428572,0.0,0.0
49,0.0,0.0,0.0,1.0,0.0,0.0,1.0,0.001,34000.0,6071.428571428572,0.0,0.0
50,0.0,0.0,0.0,1.0,0.0,0.0,1.0,0.0,34000.0,6071.428571428572,1.0,0.0
51,0.0,0.0,0.0,1.0,0.0,0.0,1.0,0.001,34000.0,6071.428571428572,1.0,0.0
52,0.0,0.0,0.0,1.0,0.0,0.0,1.0,0.0,34000.0,52307.692307692305,0.0,0.0
53,0.0,0.0,0.0,1.0,0.0,0.0,1.0,0.001,34000.0,52307.692307692305,0.0,0.0
54,0.0,0.0,0.0,1.0,0.0,0.0,1.0,0.0,34000.0,52307.692307692305,1.0,0.0
55,0.0,0.0,0.0,1.0,0.0,0.0,1.0,0.001,34000.0,52307.692307692305,1.0,0.0
56,0.0,0.0,0.0,1.0,0.0,0.0,1.0,0.0,190000.0,33928.57142857143,0.0,0.0
57,0.0,0.0,0.0,1.0,0.0,0.0,1.0,0.001,190000.0,33928.57142857143,0.0,0.0
58,0.0,0.0,0.0,1.0,0.0,0.0,1.0,0.0,190000.0,33928.57142857143,1.0,0.0
59,0.0,0.0,0.0,1.0,0.0,0.0,1.0,0.001,190000.0,33928.57142857143,1.0,0.0
60,0.0,0.0,0.0,1.0,0.0,0.0,1.0,0.0,190000.0,292307.6923076923,0.0,0.0
61,0.0,0.0,0.0,1.0,0.0,0.0,1.0,0.001,190000.0,292307.6923076923,0.0,0.0
62,0.0,0.0,0.0,1.0,0.0,0.0,1.0,0.0,190000.0,292307.6923076923,1.0,0.0
63,0.0,0.0,0.0,1.0,0.0,0.0,1.0,0.001,190000.0,292307.6923076923,1.0,0.0
64,0.0,0.0,6.283185307179586,0.94,0.06000000000000005,0.06000000000000005,0.94,0.0,34000.0,6071.428571428572,0.0,0.064697265625
65,0.0,0.0,6.283185307179586,0.94,0.06000000000000005,0.06000000000000005,0.94,0.001,34000.0,6071.428571428572,0.0,0.060791015625
66,0.0,0.0,6.283185307179586,0.94,0.06000000000000005,0.06000000000000005,0.94,0.0,34000.0,6071.428571428572,1.0,0.0595703125
67,0.0,0.0,6.283185307179586,0.94,0.06000000000000005,0.06000000000000005,0.94,0.001,34000.0,6071.428571428572,1.0,0.060791015625
68,0.0,0.0,6.283185307179586,0.94,0.06000000000000005,0.06000000000000005,0.94,0.0,34000.0,52307.692307692305,0.0,0.0634765625
69,0.0,0.0,6.283185307179586,0.94,0.06000000000000005,0.06000000000000005,0.94,0.001,34000.0,52307.692307692305,0.0,0.0595703125
70,0.0,0.0,6.283185307179586,0.94,0.06000000000000005,0.06000000000000005,0.94,0.0,34000.0,52307.692307692305,1.0,0.053466796875
71,0.0,0.0,6.283185307179586,0.94,0.06000000000000005,0.06000000000000005,0.94,0.001,34000.0,52307.692307692305,1.0,0.060302734375
72,0.0,0.0,6.283185307179586,0.94,0.06000000000000005,0.06000000000000005,0.94,0.0,190000.0,33928.57142857143,0.0,0.06005859375
73,0.0,0.0,6.283185307179586,0.94,0.06000000000000005,0.06000000000000005,0.94,0.001,190000.0,33928.57142857143,0.0,0.061767578125
74,0.0,0.0,6.283185307179586,0.94,0.06000000000000005,0.06000000000000005,0.94,0.0,190000.0,33928.57142857143,1.0,0.05419921875
75,0.0,0.0,6.283185307179586,0.94,0.06000000000000005,0.06000000000000005,0.94,0.001,190000.0,33928.57142857143,1.0,0.058837890625
76,0.0,0.0,6.283185307179586,0.94,0.06000000000000005,0.06000000000000005,0.94,0.0,190000.0,292307.6923076923,0.0,0.061767578125
77,0.0,0.0,6.283185307179586,0.94,0.06000000000000005,0.06000000000000005,0.94,0.001,190000.0,292307.6923076923,0.0,0.06787109375
78,0.0,0.0,6.283185307179586,0.94,0.06000000000000005,0.06000000000000005,0.94,0.0,190000.0,292307.6923076923,1.0,0.060302734375
79,0.0,0.0,6.283185307179586,0.94,0.06000000000000005,0.06000000000000005,0.94,0.001,190000.0,292307.6923076923,1.0,0.058837890625
80,0.0,0.0,6.283185307179586,0.94,0.06000000000000005,0.0,1.0,0.0,34000.0,6071.428571428572,0.0,0.058837890625
81,0.0,0.0,6.283185307179586,0.94,0.06000000000000005,0.0,1.0,0.001,34000.0,6071.428571428572,0.0,0.0615234375
82,0.0,0.0,6.283185307179586,0.94,0.06000000000000005,0.0,1.0,0.0,34000.0,6071.428571428572,1.0,0.060791015625
83,0.0,0.0,6.283185307179586,0.94,0.06000000000000005,0.0,1.0,0.001,34000.0,6071.428571428572,1.0,0.05810546875
84,0.0,0.0,6.283185307179586,0.94,0.06000000000000005,0.0,1.0,0.0,34000.0,52307.692307692305,0.0,0.06103515625
85,0.0,0.0,6.283185307179586,0.94,0.06000000000000005,0.0,1.0,0.001,34000.0,52307.692307692305,0.0,0.05712890625
86,0.0,0.0,6.283185307179586,0.94,0.06000000000000005,0.0,1.0,0.0,34000.0,52307.692307692305,1.0,0.060791015625
87,0.0,0.0,6.283185307179586,0.94,0.06000000000000005,0.0,1.0,0.001,34000.0,52307.692307692305,1.0,0.0654296875
88,0.0,0.0,6.283185307179586,0.94,0.06000000000000005,0.0,1.0,0.0,190000.0,33928.57142857143,0.0,0.0546875
89,0.0,0.0,6.283185307179586,0.94,0.06000000000000005,0.0,1.0,0.001,190000.0,33928.57142857143,0.0,0.0556640625
90,0.0,0.0,6.283185307179586,0.94,0.06000000000000005,0.0,1.0,0.0,190000.0,33928.57142857143,1.0,0.059814453125
91,0.0,0.0,6.283185307179586,0.94,0.06000000000000005,0.0,1.0,0.001,190000.0,33928.57142857143,1.0,0.0556640625
92,0.0,0.0,6.283185307179586,0.94,0.06000000000000005,0.0,1.0,0.0,190000.0,292307.6923076923,0.0,0.059814453125
93,0.0,0.0,6.283185307179586,0.94,0.06000000000000005,0.0,1.0,0.001,190000.0,292307.6923076923,0.0,0.05322265625
94,0.0,0.0,6.283185307179586,0.94,0.06000000000000005,0.0,1.0,0.0,190000.0,292307.6923076923,1.0,0.058349609375
95,0.0,0.0,6.283185307179586,0.94,0.06000000000000005,0.0,1.0,0.001,190000.0,292307.6923076923,1.0,0.06591796875
96,0.0,0.0,6.283185307179586,1.0,0.0,0.06000000000000005,0.94,0.0,34000.0,6071.428571428572,0.0,0.0
97,0.0,0.0,6.283185307179586,1.0,0.0,0.06000000000000005,0.94,0.001,34000.0,6071.428571428572,0.0,0.0
98,0.0,0.0,6.283185307179586,1.0,0.0,0.06000000000000005,0.94,0.0,34000.0,6071.428571428572,1.0,0.0
99,0.0,0.0,6.283185307179586,1.0,0.0,0.06000000000000005,0.94,0.001,34000.0,6071.428571428572,1.0,0.0
100,0.0,0.0,6.283185307179586,1.0,0.0,0.06000000000000005,0.94,0.0,34000.0,52307.692307692305,0.0,0.0
101,0.0,0.0,6.283185307179586,1.0,0.0,0.06000000000000005,0.94,0.001,34000.0,52307.692307692305,0.0,0.0
102,0.0,0.0,6.283185307179586,1.0,0.0,0.06000000000000005,0.94,0.0,34000.0,52307.692307692305,1.0,0.0
103,0.0,0.0,6.283185307179586,1.0,0.0,0.06000000000000005,0.94,0.001,34000.0,52307.692307692305,1.0,0.0
104,0.0,0.0,6.283185307179586,1.0,0.0,0.06000000000000005,0.94,0.0,190000.0,33928.57142857143,0.0,0.0
105,0.0,0.0,6.283185307179586,1.0,0.0,0.06000000000000005,0.94,0.001,190000.0,33928.57142857143,0.0,0.0
106,0.0,0.0,6.283185307179586,1.0,0.0,0.06000000000000005,0.94,0.0,190000.0,33928.57142857143,1.0,0.0
107,0.0,0.0,6.283185307179586,1.0,0.0,0.06000000000000005,0.94,0.001,190000.0,33928.57142857143,1.0,0.0
108,0.0,0.0,6.283185307179586,1.0,0.0,0.06000000000000005,0.94,0.0,190000.0,292307.6923076923,0.0,0.0
109,0.0,0.0,6.283185307179586,1.0,0.0,0.06000000000000005,0.94,0.001,190000.0,292307.6923076923,0.0,0.0
110,0.0,0.0,6.283185307179586,1.0,0.0,0.06000000000000005,0.94,0.0,190000.0,292307.6923076923,1.0,0.0
111,0.0,0.0,6.283185307179586,1.0,0.0,0.06000000000000005,0.94,0.001,190000.0,292307.6923076923,1.0,0.0
112,0.0,0.0,6.283185307179586,1.0,0.0,0.0,1.0,0.0,34000.0,6071.428571428572,0.0,0.0
113,0.0,0.0,6.283185307179586,1.0,0.0,0.0,1.0,0.001,34000.0,6071.428571428572,0.0,0.0
114,0.0,0.0,6.283185307179586,1.0,0.0,0.0,1.0,0.0,34000.0,6071.428571428572,1.0,0.0
115,0.0,0.0,6.283185307179586,1.0,0.0,0.0,1.0,0.001,34000.0,6071.428571428572,1.0,0.0
116,0.0,0.0,6.283185307179586,1.0,0.0,0.0,1.0,0.0,34000.0,52307.692307692305,0.0,0.0
117,0.0,0.0,6.283185307179586,1.0,0.0,0.0,1.0,0.001,34000.0,52307.692307692305,0.0,0.0
118,0.0,0.0,6.283185307179586,1.0,0.0,0.0,1.0,0.0,34000.0,52307.692307692305,1.0,0.0
119,0.0,0.0,6.283185307179586,1.0,0.0,0.0,1.0,0.001,34000.0,52307.692307692305,1.0,0.0
120,0.0,0.0,6.283185307179586,1.0,0.0,0.0,1.0,0.0,190000.0,33928.57142857143,0.0,0.0
121,0.0,0.0,6.283185307179586,1.0,0.0,0.0,1.0,0.001,190000.0,33928.57142857143,0.0,0.0
122,0.0,0.0,6.283185307179586,1.0,0.0,0.0,1.0,0.0,190000.0,33928.57142857143,1.0,0.0
123,0.0,0.0,6.283185307179586,1.0,0.0,0.0,1.0,0.001,190000.0,33928.57142857143,1.0,0.0
124,0.0,0.0,6.283185307179586,1.0,0.0,0.0,1.0,0.0,190000.0,292307.6923076923,0.0,0.0
125,0.0,0.0,6.283185307179586,1.0,0.0,0.0,1.0,0.001,190000.0,292307.6923076923,0.0,0.0
126,0.0,0.0,6.283185307179586,1.0,0.0,0.0,1.0,0.0,190000.0,292307.6923076923,1.0,0.0
127,0.0,0.0,6.283185307179586,1.0,0.0,0.0,1.0,0.001,190000.0,292307.6923076923,1.0,0.0
128,0.0,6.283185307179586,0.0,0.94,0.06000000000000005,0.06000000000000005,0.94,0.0,34000.0,6071.428571428572,0.0,0.05810546875
129,0.0,6.283185307179586,0.0,0.94,0.06000000000000005,0.06000000000000005,0.94,0.001,34000.0,6071.428571428572,0.0,0.061767578125
130,0.0,6.283185307179586,0.0,0.94,0.06000000000000005,0.06000000000000005,0.94,0.0,34000.0,6071.428571428572,1.0,0.060546875
131,0.0,6.283185307179586,0.0,0.94,0.06000000000000005,0.06000000000000005,0.94,0.001,34000.0,6071.428571428572,1.0,0.056884765625
132,0.0,6.283185307179586,0.0,0.94,0.06000000000000005,0.06000000000000005,0.94,0.0,34000.0,52307.692307692305,0.0,0.0634765625
133,0.0,6.283185307179586,0.0,0.94,0.06000000000000005,0.06000000000000005,0.94,0.001,34000.0,52307.692307692305,0.0,0.059326171875
134,0.0,6.283185307179586,0.0,0.94,0.06000000000000005,0.06000000000000005,0.94,0.0,34000.0,52307.692307692305,1.0,0.060546875
135,0.0,6.283185307179586,0.0,0.94,0.06000000000000005,0.06000000000000005,0.94,0.001,34000.0,52307.692307692305,1.0,0.053466796875
136,0.0,6.283185307179586,0.0,0.94,0.06000000000000005,0.06000000000000005,0.94,0.0,190000.0,33928.57142857143,0.0,0.05810546875
137,0.0,6.283185307179586,0.0,0.94,0.06000000000000005,0.06000000000000005,0.94,0.001,190000.0,33928.57142857143,0.0,0.064208984375
138,0.0,6.283185307179586,0.0,0.94,0.06000000000000005,0.06000000000000005,0.94,0.0,190000.0,33928.57142857143,1.0,0.05908203125
139,0.0,6.283185307179586,0.0,0.94,0.06000000000000005,0.06000000000000005,0.94,0.001,190000.0,33928.57142857143,1.0,0.067138671875
140,0.0,6.283185307179586,0.0,0.94,0.06000000000000005,0.06000000000000005,0.94,0.0,190000.0,292307.6923076923,0.0,0.05419921875
141,0.0,6.283185307179586,0.0,0.94,0.06000000000000005,0.06000000000000005,0.94,0.001,190000.0,292307.6923076923,0.0,0.0576171875
142,0.0,6.283185307179586,0.0,0.94,0.06000000000000005,0.06000000000000005,0.94,0.0,190000.0,292307.6923076923,1.0,0.0576171875
143,0.0,6.283185307179586,0.0,0.94,0.06000000000000005,0.06000000000000005,0.94,0.001,190000.0,292307.6923076923,1.0,0.050537109375
144,0.0,6.283185307179586,0.0,0.94,0.06000000000000005,0.0,1.0,0.0,34000.0,6071.428571428572,0.0,0.0556640625
145,0.0,6.283185307179586,0.0,0.94,0.06000000000000005,0.0,1.0,0.001,34000.0,6071.428571428572,0.0,0.058349609375
146,0.0,6.283185307179586,0.0,0.94,0.06000000000000005,0.0,1.0,0.0,34000.0,6071.428571428572,1.0,0.062744140625
147,0.0,6.283185307179586,0.0,0.94,0.06000000000000005,0.0,1.0,0.001,34000.0,6071.428571428572,1.0,0.05712890625
148,0.0,6.283185307179586,0.0,0.94,0.06000000000000005,0.0,1.0,0.0,34000.0,52307.692307692305,0.0,0.061767578125
149,0.0,6.283185307179586,0.0,0.94,0.06000000000000005,0.0,1.0,0.001,34000.0,52307.692307692305,0.0,0.0634765625
150,0.0,6.283185307179586,0.0,0.94,0.06000000000000005,0.0,1.0,0.0,34000.0,52307.692307692305,1.0,0.056640625
151,0.0,6.283185307179586,0.0,0.94,0.06000000000000005,0.0,1.0,0.001,34000.0,52307.692307692305,1.0,0.06103515625
152,0.0,6.283185307179586,0.0,0.94,0.06000000000000005,0.0,1.0,0.0,190000.0,33928.57142857143,0.0,0.05859375
153,0.0,6.283185307179586,0.0,0.94,0.06000000000000005,0.0,1.0,0.001,190000.0,33928.57142857143,0.0,0.06005859375
154,0.0,6.283185307179586,0.0,0.94,0.06000000000000005,0.0,1.0,0.0,190000.0,33928.57142857143,1.0,0.0673828125
155,0.0,6.283185307179586,0.0,0.94,0.06000000000000005,0.0,1.0,0.001,190000.0,33928.57142857143,1.0,0.05615234375
156,0.0,6.283185307179586,0.0,0.94,0.06000000000000005,0.0,1.0,0.0,190000.0,292307.6923076923,0.0,0.0556640625
157,0.0,6.283185307179586,0.0,0.94,0.06000000000000005,0.0,1.0,0.001,190000.0,292307.6923076923,0.0,0.061767578125
158,0.0,6.283185307179586,0.0,0.94,0.06000000000000005,0.0,1.0,0.0,190000.0,292307.6923076923,1.0,0.059326171875
159,0.0,6.283185307179586,0.0,0.94,0.06000000000000005,0.0,1.0,0.001,190000.0,292307.6923076923,1.0,0.06298828125
160,0.0,6.283185307179586,0.0,1.0,0.0,0.06000000000000005,0.94,0.0,34000.0,6071.428571428572,0.0,0.0
161,0.0,6.283185307179586,0.0,1.0,0.0,0.06000000000000005,0.94,0.001,34000.0,6071.428571428572,0.0,0.0
162,0.0,6.283185307179586,0.0,1.0,0.0,0.06000000000000005,0.94,0.0,34000.0,6071.428571428572,1.0,0.0
163,0.0,6.283185307179586,0.0,1.0,0.0,0.06000000000000005,0.94,0.001,34000.0,6071.428571428572,1.0,0.0
164,0.0,6.283185307179586,0.0,1.0,0.0,0.06000000000000005,0.94,0.0,34000.0,52307.692307692305,0.0,0.0
165,0.0,6.283185307179586,0.0,1.0,0.0,0.06000000000000005,0.94,0.001,34000.0,52307.692307692305,0.0,0.0
166,0.0,6.283185307179586,0.0,1.0,0.0,0.06000000000000005,0.94,0.0,34000.0,52307.692307692305,1.0,0.0
167,0.0,6.283185307179586,0.0,1.0,0.0,0.06000000000000005,0.94,0.001,34000.0,52307.692307692305,1.0,0.0
168,0.0,6.283185307179586,0.0,1.0,0.0,0.06000000000000005,0.94,0.0,190000.0,33928.57142857143,0.0,0.0
169,0.0,6.283185307179586,0.0,1.0,0.0,0.06000000000000005,0.94,0.001,190000.0,33928.57142857143,0.0,0.0
170,0.0,6.283185307179586,0.0,1.0,0.0,0.06000000000000005,0.94,0.0,190000.0,33928.57142857143,1.0,0.0
171,0.0,6.283185307179586,0.0,1.0,0.0,0.06000000000000005,0.94,0.001,190000.0,33928.57142857143,1.0,0.0
172,0.0,6.283185307179586,0.0,1.0,0.0,0.06000000000000005,0.94,0.0,190000.0,292307.6923076923,0.0,0.0
173,0.0,6.283185307179586,0.0,1.0,0.0,0.06000000000000005,0.94,0.001,190000.0,292307.6923076923,0.0,0.0
174,0.0,6.283185307179586,0.0,1.0,0.0,0.06000000000000005,0.94,0.0,190000.0,292307.6923076923,1.0,0.0
175,0.0,6.283185307179586,0.0,1.0,0.0,0.06000000000000005,0.94,0.001,190000.0,292307.6923076923,1.0,0.0
176,0.0,6.283185307179586,0.0,1.0,0.0,0.0,1.0,0.0,34000.0,6071.428571428572,0.0,0.0
177,0.0,6.283185307179586,0.0,1.0,0.0,0.0,1.0,0.001,34000.0,6071.428571428572,0.0,0.0
178,0.0,6.283185307179586,0.0,1.0,0.0,0.0,1.0,0.0,34000.0,6071.428571428572,1.0,0.0
179,0.0,6.283185307179586,0.0,1.0,0.0,0.0,1.0,0.001,34000.0,6071.428571428572,1.0,0.0
180,0.0,6.283185307179586,0.0,1.0,0.0,0.0,1.0,0.0,34000.0,52307.692307692305,0.0,0.0
181,0.0,6.283185307179586,0.0,1.0,0.0,0.0,1.0,0.001,34000.0,52307.692307692305,0.0,0.0
182,0.0,6.283185307179586,0.0,1.0,0.0,0.0,1.0,0.0,34000.0,52307.692307692305,1.0,0.0
183,0.0,6.283185307179586,0.0,1.0,0.0,0.0,1.0,0.001,34000.0,52307.692307692305,1.0,0.0
184,0.0,6.283185307179586,0.0,1.0,0.0,0.0,1.0,0.0,190000.0,33928.57142857143,0.0,0.0
185,0.0,6.283185307179586,0.0,1.0,0.0,0.0,1.0,0.001,190000.0,33928.57142857143,0.0,0.0
186,0.0,6.283185307179586,0.0,1.0,0.0,0.0,1.0,0.0,190000.0,33928.57142857143,1.0,0.0
187,0.0,6.283185307179586,0.0,1.0,0.0,0.0,1.0,0.001,190000.0,33928.57142857143,1.0,0.0
188,0.0,6.283185307179586,0.0,1.0,0.0,0.0,1.0,0.0,190000.0,292307.6923076923,0.0,0.0
189,0.0,6.283185307179586,0.0,1.0,0.0,0.0,1.0,0.001,190000.0,292307.6923076923,0.0,0.0
190,0.0,6.283185307179586,0.0,1.0,0.0,0.0,1.0,0.0,190000.0,292307.6923076923,1.0,0.0
191,0.0,6.283185307179586,0.0,1.0,0.0,0.0,1.0,0.001,190000.0,292307.6923076923,1.0,0.0
192,0.0,6.283185307179586,6.283185307179586,0.94,0.06000000000000005,0.06000000000000005,0.94,0.0,34000.0,6071.428571428572,0.0,0.056884765625
193,0.0,6.283185307179586,6.283185307179586,0.94,0.06000000000000005,0.06000000000000005,0.94,0.001,34000.0,6071.428571428572,0.0,0.060791015625
194,0.0,6.283185307179586,6.283185307179586,0.94,0.06000000000000005,0.06000000000000005,0.94,0.0,34000.0,6071.428571428572,1.0,0.061279296875
195,0.0,6.283185307179586,6.283185307179586,0.94,0.06000000000000005,0.06000000000000005,0.94,0.001,34000.0,6071.428571428572,1.0,0.05517578125
196,0.0,6.283185307179586,6.283185307179586,0.94,0.06000000000000005,0.06000000000000005,0.94,0.0,34000.0,52307.692307692305,0.0,0.060791015625
197,0.0,6.283185307179586,6.283185307179586,0.94,0.06000000000000005,0.06000000000000005,0.94,0.001,34000.0,52307.692307692305,0.0,0.059814453125
198,0.0,6.283185307179586,6.283185307179586,0.94,0.06000000000000005,0.06000000000000005,0.94,0.0,34000.0,52307.692307692305,1.0,0.058349609375
199,0.0,6.283185307179586,6.283185307179586,0.94,0.06000000000000005,0.06000000000000005,0.94,0.001,34000.0,52307.692307692305,1.0,0.06005859375
200,0.0,6.283185307179586,6.283185307179586,0.94,0.06000000000000005,0.06000000000000005,0.94,0.0,190000.0,33928.57142857143,0.0,0.056396484375
201,0.0,6.283185307179586,6.283185307179586,0.94,0.06000000000000005,0.06000000000000005,0.94,0.001,190000.0,33928.57142857143,0.0,0.057861328125
202,0.0,6.283185307179586,6.283185307179586,0.94,0.06000000000000005,0.06000000000000005,0.94,0.0,190000.0,33928.57142857143,1.0,0.056884765625
203,0.0,6.283185307179586,6.283185307179586,0.94,0.06000000000000005,0.06000000000000005,0.94,0.001,190000.0,33928.57142857143,1.0,0.0556640625
204,0.0,6.283185307179586,6.283185307179586,0.94,0.06000000000000005,0.06000000000000005,0.94,0.0,190000.0,292307.6923076923,0.0,0.055419921875
205,0.0,6.283185307179586,6.283185307179586,0.94,0.06000000000000005,0.06000000000000005,0.94,0.001,190000.0,292307.6923076923,0.0,0.06298828125
206,0.0,6.283185307179586,6.283185307179586,0.94,0.06000000000000005,0.06000000000000005,0.94,0.0,190000.0,292307.6923076923,1.0,0.0615234375
207,0.0,6.283185307179586,6.283185307179586,0.94,0.06000000000000005,0.06000000000000005,0.94,0.001,190000.0,292307.6923076923,1.0,0.05908203125
208,0.0,6.283185307179586,6.283185307179586,0.94,0.06000000000000005,0.0,1.0,0.0,34000.0,6071.428571428572,0.0,0.054931640625
209,0.0,6.283185307179586,6.283185307179586,0.94,0.06000000000000005,0.0,1.0,0.001,34000.0,6071.428571428572,0.0,0.069091796875
210,0.0,6.283185307179586,6.283185307179586,0.94,0.06000000000000005,0.0,1.0,0.0,34000.0,6071.428571428572,1.0,0.0537109375
211,0.0,6.283185307179586,6.283185307179586,0.94,0.06000000000000005,0.0,1.0,0.001,34000.0,6071.428571428572,1.0,0.059814453125
212,0.0,6.283185307179586,6.283185307179586,0.94,0.06000000000000005,0.0,1.0,0.0,34000.0,52307.692307692305,0.0,0.055908203125
213,0.0,6.283185307179586,6.283185307179586,0.94,0.06000000000000005,0.0,1.0,0.001,34000.0,52307.692307692305,0.0,0.05908203125
214,0.0,6.283185307179586,6.283185307179586,0.94,0.06000000000000005,0.0,1.0,0.0,34000.0,52307.692307692305,1.0,0.0556640625
215,0.0,6.283185307179586,6.283185307179586,0.94,0.06000000000000005,0.0,1.0,0.001,34000.0,52307.692307692305,1.0,0.05859375
216,0.0,6.283185307179586,6.283185307179586,0.94,0.06000000000000005,0.0,1.0,0.0,190000.0,33928.57142857143,0.0,0.052001953125
217,0.0,6.283185307179586,6.283185307179586,0.94,0.06000000000000005,0.0,1.0,0.001,190000.0,33928.57142857143,0.0,0.053955078125
218,0.0,6.283185307179586,6.283185307179586,0.94,0.06000000000000005,0.0,1.0,0.0,190000.0,33928.57142857143,1.0,0.06201171875
219,0.0,6.283185307179586,6.283185307179586,0.94,0.06000000000000005,0.0,1.0,0.001,190000.0,33928.57142857143,1.0,0.060546875
220,0.0,6.283185307179586,6.283185307179586,0.94,0.06000000000000005,0.0,1.0,0.0,190000.0,292307.6923076923,0.0,0.067626953125
221,0.0,6.283185307179586,6.283185307179586,0.94,0.06000000000000005,0.0,1.0,0.001,190000.0,292307.6923076923,0.0,0.063720703125
222,0.0,6.283185307179586,6.283185307179586,0.94,0.06000000000000005,0.0,1.0,0.0,190000.0,292307.6923076923,1.0,0.060791015625
223,0.0,6.283185307179586,6.283185307179586,0.94,0.06000000000000005,0.0,1.0,0.001,190000.0,292307.6923076923,1.0,0.060791015625
224,0.0,6.283185307179586,6.283185307179586,1.0,0.0,0.06000000000000005,0.94,0.0,34000.0,6071.428571428572,0.0,0.0
225,0.0,6.283185307179586,6.283185307179586,1.0,0.0,0.06000000000000005,0.94,0.001,34000.0,6071.428571428572,0.0,0.0
226,0.0,6.283185307179586,6.283185307179586,1.0,0.0,0.06000000000000005,0.94,0.0,34000.0,6071.428571428572,1.0,0.0
227,0.0,6.283185307179586,6.283185307179586,1.0,0.0,0.06000000000000005,0.94,0.001,34000.0,6071.428571428572,1.0,0.0
228,0.0,6.283185307179586,6.283185307179586,1.0,0.0,0.06000000000000005,0.94,0.0,34000.0,52307.692307692305,0.0,0.0
229,0.0,6.283185307179586,6.283185307179586,1.0,0.0,0.06000000000000005,0.94,0.001,34000.0,52307.692307692305,0.0,0.0
230,0.0,6.283185307179586,6.283185307179586,1.0,0.0,0.06000000000000005,0.94,0.0,34000.0,52307.692307692305,1.0,0.0
231,0.0,6.283185307179586,6.283185307179586,1.0,0.0,0.06000000000000005,0.94,0.001,34000.0,52307.692307692305,1.0,0.0
232,0.0,6.283185307179586,6.283185307179586,1.0,0.0,0.06000000000000005,0.94,0.0,190000.0,33928.57142857143,0.0,0.0
233,0.0,6.283185307179586,6.283185307179586,1.0,0.0,0.06000000000000005,0.94,0.001,190000.0,33928.57142857143,0.0,0.0
234,0.0,6.283185307179586,6.283185307179586,1.0,0.0,0.06000000000000005,0.94,0.0,190000.0,33928.57142857143,1.0,0.0
235,0.0,6.283185307179586,6.283185307179586,1.0,0.0,0.06000000000000005,0.94,0.001,190000.0,33928.57142857143,1.0,0.0
236,0.0,6.283185307179586,6.283185307179586,1.0,0.0,0.06000000000000005,0.94,0.0,190000.0,292307.6923076923,0.0,0.0
237,0.0,6.283185307179586,6.283185307179586,1.0,0.0,0.06000000000000005,0.94,0.001,190000.0,292307.6923076923,0.0,0.0
238,0.0,6.283185307179586,6.283185307179586,1.0,0.0,0.06000000000000005,0.94,0.0,190000.0,292307.6923076923,1.0,0.0
239,0.0,6.283185307179586,6.283185307179586,1.0,0.0,0.06000000000000005,0.94,0.001,190000.0,292307.6923076923,1.0,0.0
240,0.0,6.283185307179586,6.283185307179586,1.0,0.0,0.0,1.0,0.0,34000.0,6071.428571428572,0.0,0.0
241,0.0,6.283185307179586,6.283185307179586,1.0,0.0,0.0,1.0,0.001,34000.0,6071.428571428572,0.0,0.0
242,0.0,6.283185307179586,6.283185307179586,1.0,0.0,0.0,1.0,0.0,34000.0,6071.428571428572,1.0,0.0
243,0.0,6.283185307179586,6.283185307179586,1.0,0.0,0.0,1.0,0.001,34000.0,6071.428571428572,1.0,0.0
244,0.0,6.283185307179586,6.283185307179586,1.0,0.0,0.0,1.0,0.0,34000.0,52307.692307692305,0.0,0.0
245,0.0,6.283185307179586,6.283185307179586,1.0,0.0,0.0,1.0,0.001,34000.0,52307.692307692305,0.0,0.0
246,0.0,6.283185307179586,6.283185307179586,1.0,0.0,0.0,1.0,0.0,34000.0,52307.692307692305,1.0,0.0
247,0.0,6.283185307179586,6.283185307179586,1.0,0.0,0.0,1.0,0.001,34000.0,52307.692307692305,1.0,0.0
248,0.0,6.283185307179586,6.283185307179586,1.0,0.0,0.0,1.0,0.0,190000.0,33928.57142857143,0.0,0.0
249,0.0,6.283185307179586,6.283185307179586,1.0,0.0,0.0,1.0,0.001,190000.0,33928.57142857143,0.0,0.0
250,0.0,6.283185307179586,6.283185307179586,1.0,0.0,0.0,1.0,0.0,190000.0,33928.57142857143,1.0,0.0
251,0.0,6.283185307179586,6.283185307179586,1.0,0.0,0.0,1.0,0.001,190000.0,33928.57142857143,1.0,0.0
252,0.0,6.283185307179586,6.283185307179586,1.0,0.0,0.0,1.0,0.0,190000.0,292307.6923076923,0.0,0.0
253,0.0,6.283185307179586,6.283185307179586,1.0,0.0,0.0,1.0,0.001,190000.0,292307.6923076923,0.0,0.0
254,0.0,6.283185307179586,6.283185307179586,1.0,0.0,0.0,1.0,0.0,190000.0,292307.6923076923,1.0,0.0
255,0.0,6.283185307179586,6.283185307179586,1.0,0.0,0.0,1.0,0.001,190000.0,292307.6923076923,1.0,0.0
256,6.283185307179586,0.0,0.0,0.94,0.06000000000000005,0.06000000000000005,0.94,0.0,34000.0,6071.428571428572,0.0,0.0556640625
257,6.283185307179586,0.0,0.0,0.94,0.06000000000000005,0.06000000000000005,0.94,0.001,34000.0,6071.428571428572,0.0,0.059326171875
258,6.283185307179586,0.0,0.0,0.94,0.06000000000000005,0.06000000000000005,0.94,0.0,34000.0,6071.428571428572,1.0,0.065185546875
259,6.283185307179586,0.0,0.0,0.94,0.06000000000000005,0.06000000000000005,0.94,0.001,34000.0,6071.428571428572,1.0,0.060791015625
260,6.283185307179586,0.0,0.0,0.94,0.06000000000000005,0.06000000000000005,0.94,0.0,34000.0,52307.692307692305,0.0,0.060546875
261,6.283185307179586,0.0,0.0,0.94,0.06000000000000005,0.06000000000000005,0.94,0.001,34000.0,52307.692307692305,0.0,0.061279296875
262,6.283185307179586,0.0,0.0,0.94,0.06000000000000005,0.06000000000000005,0.94,0.0,34000.0,52307.692307692305,1.0,0.06005859375
263,6.283185307179586,0.0,0.0,0.94,0.06000000000000005,0.06000000000000005,0.94,0.001,34000.0,52307.692307692305,1.0,0.0537109375
264,6.283185307179586,0.0,0.0,0.94,0.06000000000000005,0.06000000000000005,0.94,0.0,190000.0,33928.57142857143,0.0,0.0654296875
265,6.283185307179586,0.0,0.0,0.94,0.06000000000000005,0.06000000000000005,0.94,0.001,190000.0,33928.57142857143,0.0,0.059814453125
266,6.283185307179586,0.0,0.0,0.94,0.06000000000000005,0.06000000000000005,0.94,0.0,190000.0,33928.57142857143,1.0,0.064697265625
267,6.283185307179586,0.0,0.0,0.94,0.06000000000000005,0.06000000000000005,0.94,0.001,190000.0,33928.57142857143,1.0,0.054931640625
268,6.283185307179586,0.0,0.0,0.94,0.06000000000000005,0.06000000000000005,0.94,0.0,190000.0,292307.6923076923,0.0,0.062255859375
269,6.283185307179586,0.0,0.0,0.94,0.06000000000000005,0.06000000000000005,0.94,0.001,190000.0,292307.6923076923,0.0,0.05908203125
270,6.283185307179586,0.0,0.0,0.94,0.06000000000000005,0.06000000000000005,0.94,0.0,190000.0,292307.6923076923,1.0,0.05859375
271,6.283185307179586,0.0,0.0,0.94,0.06000000000000005,0.06000000000000005,0.94,0.001,190000.0,292307.6923076923,1.0,0.05810546875
272,6.283185307179586,0.0,0.0,0.94,0.06000000000000005,0.0,1.0,0.0,34000.0,6071.428571428572,0.0,0.057861328125
273,6.283185307179586,0.0,0.0,0.94,0.06000000000000005,0.0,1.0,0.001,34000.0,6071.428571428572,0.0,0.062744140625
274,6.283185307179586,0.0,0.0,0.94,0.06000000000000005,0.0,1.0,0.0,34000.0,6071.428571428572,1.0,0.06103515625
275,6.283185307179586,0.0,0.0,0.94,0.06000000000000005,0.0,1.0,0.001,34000.0,6071.428571428572,1.0,0.059814453125
276,6.283185307179586,0.0,0.0,0.94,0.06000000000000005,0.0,1.0,0.0,34000.0,52307.692307692305,0.0,0.06103515625
277,6.283185307179586,0.0,0.0,0.94,0.06000000000000005,0.0,1.0,0.001,34000.0,52307.692307692305,0.0,0.05615234375
278,6.283185307179586,0.0,0.0,0.94,0.06000000000000005,0.0,1.0,0.0,34000.0,52307.692307692305,1.0,0.063232421875
279,6.283185307179586,0.0,0.0,0.94,0.06000000000000005,0.0,1.0,0.001,34000.0,52307.692307692305,1.0,0.0615234375
280,6.283185307179586,0.0,0.0,0.94,0.06000000000000005,0.0,1.0,0.0,190000.0,33928.57142857143,0.0,0.060546875
281,6.283185307179586,0.0,0.0,0.94,0.06000000000000005,0.0,1.0,0.001,190000.0,33928.57142857143,0.0,0.0556640625
282,6.283185307179586,0.0,0.0,0.94,0.06000000000000005,0.0,1.0,0.0,190000.0,33928.57142857143,1.0,0.05615234375
283,6.283185307179586,0.0,0.0,0.94,0.06000000000000005,0.0,1.0,0.001,190000.0,33928.57142857143,1.0,0.055419921875
284,6.283185307179586,0.0,0.0,0.94,0.06000000000000005,0.0,1.0,0.0,190000.0,292307.6923076923,0.0,0.05908203125
285,6.283185307179586,0.0,0.0,0.94,0.06000000000000005,0.0,1.0,0.001,190000.0,292307.6923076923,0.0,0.064453125
286,6.283185307179586,0.0,0.0,0.94,0.06000000000000005,0.0,1.0,0.0,190000.0,292307.6923076923,1.0,0.06005859375
287,6.283185307179586,0.0,0.0,0.94,0.06000000000000005,0.0,1.0,0.001,190000.0,292307.6923076923,1.0,0.06689453125
288,6.283185307179586,0.0,0.0,1.0,0.0,0.06000000000000005,0.94,0.0,34000.0,6071.428571428572,0.0,0.0
289,6.283185307179586,0.0,0.0,1.0,0.0,0.06000000000000005,0.94,0.001,34000.0,6071.428571428572,0.0,0.0
290,6.283185307179586,0.0,0.0,1.0,0.0,0.06000000000000005,0.94,0.0,34000.0,6071.428571428572,1.0,0.0
291,6.283185307179586,0.0,0.0,1.0,0.0,0.06000000000000005,0.94,0.001,34000.0,6071.428571428572,1.0,0.0
292,6.283185307179586,0.0,0.0,1.0,0.0,0.06000000000000005,0.94,0.0,34000.0,52307.692307692305,0.0,0.0
293,6.283185307179586,0.0,0.0,1.0,0.0,0.06000000000000005,0.94,0.001,34000.0,52307.692307692305,0.0,0.0
294,6.283185307179586,0.0,0.0,1.0,0.0,0.06000000000000005,0.94,0.0,34000.0,52307.692307692305,1.0,0.0
295,6.283185307179586,0.0,0.0,1.0,0.0,0.06000000000000005,0.94,0.001,34000.0,52307.692307692305,1.0,0.0
296,6.283185307179586,0.0,0.0,1.0,0.0,0.06000000000000005,0.94,0.0,190000.0,33928.57142857143,0.0,0.0
297,6.283185307179586,0.0,0.0,1.0,0.0,0.06000000000000005,0.94,0.001,190000.0,33928.57142857143,0.0,0.0
298,6.283185307179586,0.0,0.0,1.0,0.0,0.06000000000000005,0.94,0.0,190000.0,33928.57142857143,1.0,0.0
299,6.283185307179586,0.0,0.0,1.0,0.0,0.06000000000000005,0.94,0.001,190000.0,33928.57142857143,1.0,0.0
300,6.283185307179586,0.0,0.0,1.0,0.0,0.06000000000000005,0.94,0.0,190000.0,292307.6923076923,0.0,0.0
301,6.283185307179586,0.0,0.0,1.0,0.0,0.06000000000000005,0.94,0.001,190000.0,292307.6923076923,0.0,0.0
302,6.283185307179586,0.0,0.0,1.0,0.0,0.06000000000000005,0.94,0.0,190000.0,292307.6923076923,1.0,0.0
303,6.283185307179586,0.0,0.0,1.0,0.0,0.06000000000000005,0.94,0.001,190000.0,292307.6923076923,1.0,0.0
304,6.283185307179586,0.0,0.0,1.0,0.0,0.0,1.0,0.0,34000.0,6071.428571428572,0.0,0.0
305,6.283185307179586,0.0,0.0,1.0,0.0,0.0,1.0,0.001,34000.0,6071.428571428572,0.0,0.0
306,6.283185307179586,0.0,0.0,1.0,0.0,0.0,1.0,0.0,34000.0,6071.428571428572,1.0,0.0
307,6.283185307179586,0.0,0.0,1.0,0.0,0.0,1.0,0.001,34000.0,6071.428571428572,1.0,0.0
308,6.283185307179586,0.0,0.0,1.0,0.0,0.0,1.0,0.0,34000.0,52307.692307692305,0.0,0.0
309,6.283185307179586,0.0,0.0,1.0,0.0,0.0,1.0,0.001,34000.0,52307.692307692305,0.0,0.0
310,6.283185307179586,0.0,0.0,1.0,0.0,0.0,1.0,0.0,34000.0,52307.692307692305,1.0,0.0
311,6.283185307179586,0.0,0.0,1.0,0.0,0.0,1.0,0.001,34000.0,52307.692307692305,1.0,0.0
312,6.283185307179586,0.0,0.0,1.0,0.0,0.0,1.0,0.0,190000.0,33928.57142857143,0.0,0.0
313,6.283185307179586,0.0,0.0,1.0,0.0,0.0,1.0,0.001,190000.0,33928.57142857143,0.0,0.0
314,6.283185307179586,0.0,0.0,1.0,0.0,0.0,1.0,0.0,190000.0,33928.57142857143,1.0,0.0
315,6.283185307179586,0.0,0.0,1.0,0.0,0.0,1.0,0.001,190000.0,33928.57142857143,1.0,0.0
316,6.283185307179586,0.0,0.0,1.0,0.0,0.0,1.0,0.0,190000.0,292307.6923076923,0.0,0.0
317,6.283185307179586,0.0,0.0,1.0,0.0,0.0,1.0,0.001,190000.0,292307.6923076923,0.0,0.0
318,6.283185307179586,0.0,0.0,1.0,0.0,0.0,1.0,0.0,190000.0,292307.6923076923,1.0,0.0
319,6.283185307179586,0.0,0.0,1.0,0.0,0.0,1.0,0.001,190000.0,292307.6923076923,1.0,0.0
320,6.283185307179586,0.0,6.283185307179586,0.94,0.06000000000000005,0.06000000000000005,0.94,0.0,34000.0,6071.428571428572,0.0,0.057861328125
321,6.283185307179586,0.0,6.283185307179586,0.94,0.06000000000000005,0.06000000000000005,0.94,0.001,34000.0,6071.428571428572,0.0,0.062255859375
322,6.283185307179586,0.0,6.283185307179586,0.94,0.06000000000000005,0.06000000000000005,0.94,0.0,34000.0,6071.428571428572,1.0,0.05615234375
323,6.283185307179586,0.0,6.283185307179586,0.94,0.06000000000000005,0.06000000000000005,0.94,0.001,34000.0,6071.428571428572,1.0,0.061279296875
324,6.283185307179586,0.0,6.283185307179586,0.94,0.06000000000000005,0.06000000000000005,0.94,0.0,34000.0,52307.692307692305,0.0,0.0595703125
325,6.283185307179586,0.0,6.283185307179586,0.94,0.06000000000000005,0.06000000000000005,0.94,0.001,34000.0,52307.692307692305,0.0,0.0576171875
326,6.283185307179586,0.0,6.283185307179586,0.94,0.06000000000000005,0.06000000000000005,0.94,0.0,34000.0,52307.692307692305,1.0,0.068115234375
327,6.283185307179586,0.0,6.283185307179586,0.94,0.06000000000000005,0.06000000000000005,0.94,0.001,34000.0,52307.692307692305,1.0,0.060302734375
328,6.283185307179586,0.0,6.283185307179586,0.94,0.06000000000000005,0.06000000000000005,0.94,0.0,190000.0,33928.57142857143,0.0,0.0595703125
329,6.283185307179586,0.0,6.283185307179586,0.94,0.06000000000000005,0.06000000000000005,0.94,0.001,190000.0,33928.57142857143,0.0,0.0556640625
330,6.283185307179586,0.0,6.283185307179586,0.94,0.06000000000000005,0.06000000000000005,0.94,0.0,190000.0,33928.57142857143,1.0,0.062255859375
331,6.283185307179586,0.0,6.283185307179586,0.94,0.06000000000000005,0.06000000000000005,0.94,0.001,190000.0,33928.57142857143,1.0,0.060302734375
332,6.283185307179586,0.0,6.283185307179586,0.94,0.06000000000000005,0.06000000000000005,0.94,0.0,190000.0,292307.6923076923,0.0,0.057373046875
333,6.283185307179586,0.0,6.283185307179586,0.94,0.06000000000000005,0.06000000000000005,0.94,0.001,190000.0,292307.6923076923,0.0,0.0556640625
334,6.283185307179586,0.0,6.283185307179586,0.94,0.06000000000000005,0.06000000000000005,0.94,0.0,190000.0,292307.6923076923,1.0,0.0556640625
335,6.283185307179586,0.0,6.283185307179586,0.94,0.06000000000000005,0.06000000000000005,0.94,0.001,190000.0,292307.6923076923,1.0,0.06005859375
336,6.283185307179586,0.0,6.283185307179586,0.94,0.06000000000000005,0.0,1.0,0.0,34000.0,6071.428571428572,0.0,0.0576171875
337,6.283185307179586,0.0,6.283185307179586,0.94,0.06000000000000005,0.0,1.0,0.001,34000.0,6071.428571428572,0.0,0.063720703125
338,6.283185307179586,0.0,6.283185307179586,0.94,0.06000000000000005,0.0,1.0,0.0,34000.0,6071.428571428572,1.0,0.055908203125
339,6.283185307179586,0.0,6.283185307179586,0.94,0.06000000000000005,0.0,1.0,0.001,34000.0,6071.428571428572,1.0,0.058349609375
340,6.283185307179586,0.0,6.283185307179586,0.94,0.06000000000000005,0.0,1.0,0.0,34000.0,52307.692307692305,0.0,0.058837890625
341,6.283185307179586,0.0,6.283185307179586,0.94,0.06000000000000005,0.0,1.0,0.001,34000.0,52307.692307692305,0.0,0.0595703125
342,6.283185307179586,0.0,6.283185307179586,0.94,0.06000000000000005,0.0,1.0,0.0,34000.0,52307.692307692305,1.0,0.06494140625
343,6.283185307179586,0.0,6.283185307179586,0.94,0.06000000000000005,0.0,1.0,0.001,34000.0,52307.692307692305,1.0,0.0625
344,6.283185307179586,0.0,6.283185307179586,0.94,0.06000000000000005,0.0,1.0,0.0,190000.0,33928.57142857143,0.0,0.0634765625
345,6.283185307179586,0.0,6.283185307179586,0.94,0.06000000000000005,0.0,1.0,0.001,190000.0,33928.57142857143,0.0,0.054931640625
346,6.283185307179586,0.0,6.283185307179586,0.94,0.06000000000000005,0.0,1.0,0.0,190000.0,33928.57142857143,1.0,0.058349609375
347,6.283185307179586,0.0,6.283185307179586,0.94,0.06000000000000005,0.0,1.0,0.001,190000.0,33928.57142857143,1.0,0.058837890625
348,6.283185307179586,0.0,6.283185307179586,0.94,0.06000000000000005,0.0,1.0,0.0,190000.0,292307.6923076923,0.0,0.062744140625
349,6.283185307179586,0.0,6.283185307179586,0.94,0.06000000000000005,0.0,1.0,0.001,190000.0,292307.6923076923,0.0,0.06201171875
350,6.283185307179586,0.0,6.283185307179586,0.94,0.06000000000000005,0.0,1.0,0.0,190000.0,292307.6923076923,1.0,0.0625
351,6.283185307179586,0.0,6.283185307179586,0.94,0.06000000000000005,0.0,1.0,0.001,190000.0,292307.6923076923,1.0,0.065673828125
352,6.283185307179586,0.0,6.283185307179586,1.0,0.0,0.06000000000000005,0.94,0.0,34000.0,6071.428571428572,0.0,0.0
353,6.283185307179586,0.0,6.283185307179586,1.0,0.0,0.06000000000000005,0.94,0.001,34000.0,6071.428571428572,0.0,0.0
354,6.283185307179586,0.0,6.283185307179586,1.0,0.0,0.06000000000000005,0.94,0.0,34000.0,6071.428571428572,1.0,0.0
355,6.283185307179586,0.0,6.283185307179586,1.0,0.0,0.06000000000000005,0.94,0.001,34000.0,6071.428571428572,1.0,0.0
356,6.283185307179586,0.0,6.283185307179586,1.0,0.0,0.06000000000000005,0.94,0.0,34000.0,52307.692307692305,0.0,0.0
357,6.283185307179586,0.0,6.283185307179586,1.0,0.0,0.06000000000000005,0.94,0.001,34000.0,52307.692307692305,0.0,0.0
358,6.283185307179586,0.0,6.283185307179586,1.0,0.0,0.06000000000000005,0.94,0.0,34000.0,52307.692307692305,1.0,0.0
359,6.283185307179586,0.0,6.283185307179586,1.0,0.0,0.06000000000000005,0.94,0.001,34000.0,52307.692307692305,1.0,0.0
360,6.283185307179586,0.0,6.283185307179586,1.0,0.0,0.06000000000000005,0.94,0.0,190000.0,33928.57142857143,0.0,0.0
361,6.283185307179586,0.0,6.283185307179586,1.0,0.0,0.06000000000000005,0.94,0.001,190000.0,33928.57142857143,0.0,0.0
362,6.283185307179586,0.0,6.283185307179586,1.0,0.0,0.06000000000000005,0.94,0.0,190000.0,33928.57142857143,1.0,0.0
363,6.283185307179586,0.0,6.283185307179586,1.0,0.0,0.06000000000000005,0.94,0.001,190000.0,33928.57142857143,1.0,0.0
364,6.283185307179586,0.0,6.283185307179586,1.0,0.0,0.06000000000000005,0.94,0.0,190000.0,292307.6923076923,0.0,0.0
365,6.283185307179586,0.0,6.283185307179586,1.0,0.0,0.06000000000000005,0.94,0.001,190000.0,292307.6923076923,0.0,0.0
366,6.283185307179586,0.0,6.283185307179586,1.0,0.0,0.06000000000000005,0.94,0.0,190000.0,292307.6923076923,1.0,0.0
367,6.283185307179586,0.0,6.283185307179586,1.0,0.0,0.06000000000000005,0.94,0.001,190000.0,292307.6923076923,1.0,0.0
368,6.283185307179586,0.0,6.283185307179586,1.0,0.0,0.0,1.0,0.0,34000.0,6071.428571428572,0.0,0.0
369,6.283185307179586,0.0,6.283185307179586,1.0,0.0,0.0,1.0,0.001,34000.0,6071.428571428572,0.0,0.0
370,6.283185307179586,0.0,6.283185307179586,1.0,0.0,0.0,1.0,0.0,34000.0,6071.428571428572,1.0,0.0
371,6.283185307179586,0.0,6.283185307179586,1.0,0.0,0.0,1.0,0.001,34000.0,6071.428571428572,1.0,0.0
372,6.283185307179586,0.0,6.283185307179586,1.0,0.0,0.0,1.0,0.0,34000.0,52307.692307692305,0.0,0.0
373,6.283185307179586,0.0,6.283185307179586,1.0,0.0,0.0,1.0,0.001,34000.0,52307.692307692305,0.0,0.0
374,6.283185307179586,0.0,6.283185307179586,1.0,0.0,0.0,1.0,0.0,34000.0,52307.692307692305,1.0,0.0
375,6.283185307179586,0.0,6.283185307179586,1.0,0.0,0.0,1.0,0.001,34000.0,52307.692307692305,1.0,0.0
376,6.283185307179586,0.0,6.283185307179586,1.0,0.0,0.0,1.0,0.0,190000.0,33928.57142857143,0.0,0.0
377,6.283185307179586,0.0,6.283185307179586,1.0,0.0,0.0,1.0,0.001,190000.0,33928.57142857143,0.0,0.0
378,6.283185307179586,0.0,6.283185307179586,1.0,0.0,0.0,1.0,0.0,190000.0,33928.57142857143,1.0,0.0
379,6.283185307179586,0.0,6.283185307179586,1.0,0.0,0.0,1.0,0.001,190000.0,33928.57142857143,1.0,0.0
380,6.283185307179586,0.0,6.283185307179586,1.0,0.0,0.0,1.0,0.0,190000.0,292307.6923076923,0.0,0.0
381,6.283185307179586,0.0,6.283185307179586,1.0,0.0,0.0,1.0,0.001,190000.0,292307.6923076923,0.0,0.0
382,6.283185307179586,0.0,6.283185307179586,1.0,0.0,0.0,1.0,0.0,190000.0,292307.6923076923,1.0,0.0
383,6.283185307179586,0.0,6.283185307179586,1.0,0.0,0.0,1.0,0.001,190000.0,292307.6923076923,1.0,0.0
384,6.283185307179586,6.283185307179586,0.0,0.94,0.06000000000000005,0.06000000000000005,0.94,0.0,34000.0,6071.428571428572,0.0,0.061767578125
385,6.283185307179586,6.283185307179586,0.0,0.94,0.06000000000000005,0.06000000000000005,0.94,0.001,34000.0,6071.428571428572,0.0,0.055908203125
386,6.283185307179586,6.283185307179586,0.0,0.94,0.06000000000000005,0.06000000000000005,0.94,0.0,34000.0,6071.428571428572,1.0,0.0556640625
387,6.283185307179586,6.283185307179586,0.0,0.94,0.06000000000000005,0.06000000000000005,0.94,0.001,34000.0,6071.428571428572,1.0,0.051513671875
388,6.283185307179586,6.283185307179586,0.0,0.94,0.06000000000000005,0.06000000000000005,0.94,0.0,34000.0,52307.692307692305,0.0,0.060546875
389,6.283185307179586,6.283185307179586,0.0,0.94,0.06000000000000005,0.06000000000000005,0.94,0.001,34000.0,52307.692307692305,0.0,0.0576171875
390,6.283185307179586,6.283185307179586,0.0,0.94,0.06000000000000005,0.06000000000000005,0.94,0.0,34000.0,52307.692307692305,1.0,0.06103515625
391,6.283185307179586,6.283185307179586,0.0,0.94,0.06000000000000005,0.06000000000000005,0.94,0.001,34000.0,52307.692307692305,1.0,0.054443359375
392,6.283185307179586,6.283185307179586,0.0,0.94,0.06000000000000005,0.06000000000000005,0.94,0.0,190000.0,33928.57142857143,0.0,0.060302734375
393,6.283185307179586,6.283185307179586,0.0,0.94,0.06000000000000005,0.06000000000000005,0.94,0.001,190000.0,33928.57142857143,0.0,0.056884765625
394,6.283185307179586,6.283185307179586,0.0,0.94,0.06000000000000005,0.06000000000000005,0.94,0.0,190000.0,33928.57142857143,1.0,0.064697265625
395,6.283185307179586,6.283185307179586,0.0,0.94,0.06000000000000005,0.06000000000000005,0.94,0.001,190000.0,33928.57142857143,1.0,0.056396484375
396,6.283185307179586,6.283185307179586,0.0,0.94,0.06000000000000005,0.06000000000000005,0.94,0.0,190000.0,292307.6923076923,0.0,0.05859375
397,6.283185307179586,6.283185307179586,0.0,0.94,0.06000000000000005,0.06000000000000005,0.94,0.001,190000.0,292307.6923076923,0.0,0.0537109375
398,6.283185307179586,6.283185307179586,0.0,0.94,0.06000000000000005,0.06000000000000005,0.94,0.0,190000.0,292307.6923076923,1.0,0.05517578125
399,6.283185307179586,6.283185307179586,0.0,0.94,0.06000000000000005,0.06000000000000005,0.94,0.001,190000.0,292307.6923076923,1.0,0.067138671875
400,6.283185307179586,6.283185307179586,0.0,0.94,0.06000000000000005,0.0,1.0,0.0,34000.0,6071.428571428572,0.0,0.0546875
401,6.283185307179586,6.283185307179586,0.0,0.94,0.06000000000000005,0.0,1.0,0.001,34000.0,6071.428571428572,0.0,0.056640625
402,6.283185307179586,6.283185307179586,0.0,0.94,0.06000000000000005,0.0,1.0,0.0,34000.0,6071.428571428572,1.0,0.064208984375
403,6.283185307179586,6.283185307179586,0.0,0.94,0.06000000000000005,0.0,1.0,0.001,34000.0,6071.428571428572,1.0,0.060791015625
404,6.283185307179586,6.283185307179586,0.0,0.94,0.06000000000000005,0.0,1.0,0.0,34000.0,52307.692307692305,0.0,0.060302734375
405,6.283185307179586,6.283185307179586,0.0,0.94,0.06000000000000005,0.0,1.0,0.001,34000.0,52307.692307692305,0.0,0.056396484375
406,6.283185307179586,6.283185307179586,0.0,0.94,0.06000000000000005,0.0,1.0,0.0,34000.0,52307.692307692305,1.0,0.056396484375
407,6.283185307179586,6.283185307179586,0.0,0.94,0.06000000000000005,0.0,1.0,0.001,34000.0,52307.692307692305,1.0,0.062255859375
408,6.283185307179586,6.283185307179586,0.0,0.94,0.06000000000000005,0.0,1.0,0.0,190000.0,33928.57142857143,0.0,0.06396484375
409,6.283185307179586,6.283185307179586,0.0,0.94,0.06000000000000005,0.0,1.0,0.001,190000.0,33928.57142857143,0.0,0.062744140625
410,6.283185307179586,6.283185307179586,0.0,0.94,0.06000000000000005,0.0,1.0,0.0,190000.0,33928.57142857143,1.0,0.058837890625
411,6.283185307179586,6.283185307179586,0.0,0.94,0.06000000000000005,0.0,1.0,0.001,190000.0,33928.57142857143,1.0,0.056640625
412,6.283185307179586,6.283185307179586,0.0,0.94,0.06000000000000005,0.0,1.0,0.0,190000.0,292307.6923076923,0.0,0.0625
413,6.283185307179586,6.283185307179586,0.0,0.94,0.06000000000000005,0.0,1.0,0.001,190000.0,292307.6923076923,0.0,0.06103515625
414,6.283185307179586,6.283185307179586,0.0,0.94,0.06000000000000005,0.0,1.0,0.0,190000.0,292307.6923076923,1.0,0.05712890625
415,6.283185307179586,6.283185307179586,0.0,0.94,0.06000000000000005,0.0,1.0,0.001,190000.0,292307.6923076923,1.0,0.057861328125
416,6.283185307179586,6.283185307179586,0.0,1.0,0.0,0.06000000000000005,0.94,0.0,34000.0,6071.428571428572,0.0,0.0
417,6.283185307179586,6.283185307179586,0.0,1.0,0.0,0.06000000000000005,0.94,0.001,34000.0,6071.428571428572,0.0,0.0
418,6.283185307179586,6.283185307179586,0.0,1.0,0.0,0.06000000000000005,0.94,0.0,34000.0,6071.428571428572,1.0,0.0
419,6.283185307179586,6.283185307179586,0.0,1.0,0.0,0.06000000000000005,0.94,0.001,34000.0,6071.428571428572,1.0,0.0
420,6.283185307179586,6.283185307179586,0.0,1.0,0.0,0.06000000000000005,0.94,0.0,34000.0,52307.692307692305,0.0,0.0
421,6.283185307179586,6.283185307179586,0.0,1.0,0.0,0.06000000000000005,0.94,0.001,34000.0,52307.692307692305,0.0,0.0
422,6.283185307179586,6.283185307179586,0.0,1.0,0.0,0.06000000000000005,0.94,0.0,34000.0,52307.692307692305,1.0,0.0
423,6.283185307179586,6.283185307179586,0.0,1.0,0.0,0.06000000000000005,0.94,0.001,34000.0,52307.692307692305,1.0,0.0
424,6.283185307179586,6.283185307179586,0.0,1.0,0.0,0.06000000000000005,0.94,0.0,190000.0,33928.57142857143,0.0,0.0
425,6.283185307179586,6.283185307179586,0.0,1.0,0.0,0.06000000000000005,0.94,0.001,190000.0,33928.57142857143,0.0,0.0
426,6.283185307179586,6.283185307179586,0.0,1.0,0.0,0.06000000000000005,0.94,0.0,190000.0,33928.57142857143,1.0,0.0
427,6.283185307179586,6.283185307179586,0.0,1.0,0.0,0.06000000000000005,0.94,0.001,190000.0,33928.57142857143,1.0,0.0
428,6.283185307179586,6.283185307179586,0.0,1.0,0.0,0.06000000000000005,0.94,0.0,190000.0,292307.6923076923,0.0,0.0
429,6.283185307179586,6.283185307179586,0.0,1.0,0.0,0.06000000000000005,0.94,0.001,190000.0,292307.6923076923,0.0,0.0
430,6.283185307179586,6.283185307179586,0.0,1.0,0.0,0.06000000000000005,0.94,0.0,190000.0,292307.6923076923,1.0,0.0
431,6.283185307179586,6.283185307179586,0.0,1.0,0.0,0.06000000000000005,0.94,0.001,190000.0,292307.6923076923,1.0,0.0
432,6.283185307179586,6.283185307179586,0.0,1.0,0.0,0.0,1.0,0.0,34000.0,6071.428571428572,0.0,0.0
433,6.283185307179586,6.283185307179586,0.0,1.0,0.0,0.0,1.0,0.001,34000.0,6071.428571428572,0.0,0.0
434,6.283185307179586,6.283185307179586,0.0,1.0,0.0,0.0,1.0,0.0,34000.0,6071.428571428572,1.0,0.0
435,6.283185307179586,6.283185307179586,0.0,1.0,0.0,0.0,1.0,0.001,34000.0,6071.428571428572,1.0,0.0
436,6.283185307179586,6.283185307179586,0.0,1.0,0.0,0.0,1.0,0.0,34000.0,52307.692307692305,0.0,0.0
437,6.283185307179586,6.283185307179586,0.0,1.0,0.0,0.0,1.0,0.001,34000.0,52307.692307692305,0.0,0.0
438,6.283185307179586,6.283185307179586,0.0,1.0,0.0,0.0,1.0,0.0,34000.0,52307.692307692305,1.0,0.0
439,6.283185307179586,6.283185307179586,0.0,1.0,0.0,0.0,1.0,0.001,34000.0,52307.692307692305,1.0,0.0
440,6.283185307179586,6.283185307179586,0.0,1.0,0.0,0.0,1.0,0.0,190000.0,33928.57142857143,0.0,0.0
441,6.283185307179586,6.283185307179586,0.0,1.0,0.0,0.0,1.0,0.001,190000.0,33928.57142857143,0.0,0.0
442,6.283185307179586,6.283185307179586,0.0,1.0,0.0,0.0,1.0,0.0,190000.0,33928.57142857143,1.0,0.0
443,6.283185307179586,6.283185307179586,0.0,1.0,0.0,0.0,1.0,0.001,190000.0,33928.57142857143,1.0,0.0
444,6.283185307179586,6.283185307179586,0.0,1.0,0.0,0.0,1.0,0.0,190000.0,292307.6923076923,0.0,0.0
445,6.283185307179586,6.283185307179586,0.0,1.0,0.0,0.0,1.0,0.001,190000.0,292307.6923076923,0.0,0.0
446,6.283185307179586,6.283185307179586,0.0,1.0,0.0,0.0,1.0,0.0,190000.0,292307.6923076923,1.0,0.0
447,6.283185307179586,6.283185307179586,0.0,1.0,0.0,0.0,1.0,0.001,190000.0,292307.6923076923,1.0,0.0
448,6.283185307179586,6.283185307179586,6.283185307179586,0.94,0.06000000000000005,0.06000000000000005,0.94,0.0,34000.0,6071.428571428572,0.0,0.0625
449,6.283185307179586,6.283185307179586,6.283185307179586,0.94,0.06000000000000005,0.06000000000000005,0.94,0.001,34000.0,6071.428571428572,0.0,0.058837890625
450,6.283185307179586,6.283185307179586,6.283185307179586,0.94,0.06000000000000005,0.06000000000000005,0.94,0.0,34000.0,6071.428571428572,1.0,0.05712890625
451,6.283185307179586,6.283185307179586,6.283185307179586,0.94,0.06000000000000005,0.06000000000000005,0.94,0.001,34000.0,6071.428571428572,1.0,0.062744140625
452,6.283185307179586,6.283185307179586,6.283185307179586,0.94,0.06000000000000005,0.06000000000000005,0.94,0.0,34000.0,52307.692307692305,0.0,0.05810546875
453,6.283185307179586,6.283185307179586,6.283185307179586,0.94,0.06000000000000005,0.06000000000000005,0.94,0.001,34000.0,52307.692307692305,0.0,0.057373046875
454,6.283185307179586,6.283185307179586,6.283185307179586,0.94,0.06000000000000005,0.06000000000000005,0.94,0.0,34000.0,52307.692307692305,1.0,0.05908203125
455,6.283185307179586,6.283185307179586,6.283185307179586,0.94,0.06000000000000005,0.06000000000000005,0.94,0.001,34000.0,52307.692307692305,1.0,0.063720703125
456,6.283185307179586,6.283185307179586,6.283185307179586,0.94,0.06000000000000005,0.06000000000000005,0.94,0.0,190000.0,33928.57142857143,0.0,0.05908203125
457,6.283185307179586,6.283185307179586,6.283185307179586,0.94,0.06000000000000005,0.06000000000000005,0.94,0.001,190000.0,33928.57142857143,0.0,0.06640625
458,6.283185307179586,6.283185307179586,6.283185307179586,0.94,0.06000000000000005,0.06000000000000005,0.94,0.0,190000.0,33928.57142857143,1.0,0.06103515625
459,6.283185307179586,6.283185307179586,6.283185307179586,0.94,0.06000000000000005,0.06000000000000005,0.94,0.001,190000.0,33928.57142857143,1.0,0.06103515625
460,6.283185307179586,6.283185307179586,6.283185307179586,0.94,0.06000000000000005,0.06000000000000005,0.94,0.0,190000.0,292307.6923076923,0.0,0.05859375
461,6.283185307179586,6.283185307179586,6.283185307179586,0.94,0.06000000000000005,0.06000000000000005,0.94,0.001,190000.0,292307.6923076923,0.0,0.0595703125
462,6.283185307179586,6.283185307179586,6.283185307179586,0.94,0.06000000000000005,0.06000000000000005,0.94,0.0,190000.0,292307.6923076923,1.0,0.064208984375
463,6.283185307179586,6.283185307179586,6.283185307179586,0.94,0.06000000000000005,0.06000000000000005,0.94,0.001,190000.0,292307.6923076923,1.0,0.0595703125
464,6.283185307179586,6.283185307179586,6.283185307179586,0.94,0.06000000000000005,0.0,1.0,0.0,34000.0,6071.428571428572,0.0,0.058837890625
465,6.283185307179586,6.283185307179586,6.283185307179586,0.94,0.06000000000000005,0.0,1.0,0.001,34000.0,6071.428571428572,0.0,0.057373046875
466,6.283185307179586,6.283185307179586,6.283185307179586,0.94,0.06000000000000005,0.0,1.0,0.0,34000.0,6071.428571428572,1.0,0.062255859375
467,6.283185307179586,6.283185307179586,6.283185307179586,0.94,0.06000000000000005,0.0,1.0,0.001,34000.0,6071.428571428572,1.0,0.05712890625
468,6.283185307179586,6.283185307179586,6.283185307179586,0.94,0.06000000000000005,0.0,1.0,0.0,34000.0,52307.692307692305,0.0,0.0576171875
469,6.283185307179586,6.283185307179586,6.283185307179586,0.94,0.06000000000000005,0.0,1.0,0.001,34000.0,52307.692307692305,0.0,0.063720703125
470,6.283185307179586,6.283185307179586,6.283185307179586,0.94,0.06000000000000005,0.0,1.0,0.0,34000.0,52307.692307692305,1.0,0.062744140625
471,6.283185307179586,6.283185307179586,6.283185307179586,0.94,0.06000000000000005,0.0,1.0,0.001,34000.0,52307.692307692305,1.0,0.066162109375
472,6.283185307179586,6.283185307179586,6.283185307179586,0.94,0.06000000000000005,0.0,1.0,0.0,190000.0,33928.57142857143,0.0,0.05859375
473,6.283185307179586,6.283185307179586,6.283185307179586,0.94,0.06000000000000005,0.0,1.0,0.001,190000.0,33928.57142857143,0.0,0.05908203125
474,6.283185307179586,6.283185307179586,6.283185307179586,0.94,0.06000000000000005,0.0,1.0,0.0,190000.0,33928.57142857143,1.0,0.0654296875
475,6.283185307179586,6.283185307179586,6.283185307179586,0.94,0.06000000000000005,0.0,1.0,0.001,190000.0,33928.57142857143,1.0,0.06005859375
476,6.283185307179586,6.283185307179586,6.283185307179586,0.94,0.06000000000000005,0.0,1.0,0.0,190000.0,292307.6923076923,0.0,0.062255859375
477,6.283185307179586,6.283185307179586,6.283185307179586,0.94,0.06000000000000005,0.0,1.0,0.001,190000.0,292307.6923076923,0.0,0.07080078125
478,6.283185307179586,6.283185307179586,6.283185307179586,0.94,0.06000000000000005,0.0,1.0,0.0,190000.0,292307.6923076923,1.0,0.055908203125
479,6.283185307179586,6.283185307179586,6.283185307179586,0.94,0.06000000000000005,0.0,1.0,0.001,190000.0,292307.6923076923,1.0,0.058837890625
480,6.283185307179586,6.283185307179586,6.283185307179586,1.0,0.0,0.06000000000000005,0.94,0.0,34000.0,6071.428571428572,0.0,0.0
481,6.283185307179586,6.283185307179586,6.283185307179586,1.0,0.0,0.06000000000000005,0.94,0.001,34000.0,6071.428571428572,0.0,0.0
482,6.283185307179586,6.283185307179586,6.283185307179586,1.0,0.0,0.06000000000000005,0.94,0.0,34000.0,6071.428571428572,1.0,0.0
483,6.283185307179586,6.283185307179586,6.283185307179586,1.0,0.0,0.06000000000000005,0.94,0.001,34000.0,6071.428571428572,1.0,0.0
484,6.283185307179586,6.283185307179586,6.283185307179586,1.0,0.0,0.06000000000000005,0.94,0.0,34000.0,52307.692307692305,0.0,0.0
485,6.283185307179586,6.283185307179586,6.283185307179586,1.0,0.0,0.06000000000000005,0.94,0.001,34000.0,52307.692307692305,0.0,0.0
486,6.283185307179586,6.283185307179586,6.283185307179586,1.0,0.0,0.06000000000000005,0.94,0.0,34000.0,52307.692307692305,1.0,0.0
487,6.283185307179586,6.283185307179586,6.283185307179586,1.0,0.0,0.06000000000000005,0.94,0.001,34000.0,52307.692307692305,1.0,0.0
488,6.283185307179586,6.283185307179586,6.283185307179586,1.0,0.0,0.06000000000000005,0.94,0.0,190000.0,33928.57142857143,0.0,0.0
489,6.283185307179586,6.283185307179586,6.283185307179586,1.0,0.0,0.06000000000000005,0.94,0.001,190000.0,33928.57142857143,0.0,0.0
490,6.283185307179586,6.283185307179586,6.283185307179586,1.0,0.0,0.06000000000000005,0.94,0.0,190000.0,33928.57142857143,1.0,0.0
491,6.283185307179586,6.283185307179586,6.283185307179586,1.0,0.0,0.06000000000000005,0.94,0.001,190000.0,33928.57142857143,1.0,0.0
492,6.283185307179586,6.283185307179586,6.283185307179586,1.0,0.0,0.06000000000000005,0.94,0.0,190000.0,292307.6923076923,0.0,0.0
493,6.283185307179586,6.283185307179586,6.283185307179586,1.0,0.0,0.06000000000000005,0.94,0.001,190000.0,292307.6923076923,0.0,0.0
494,6.283185307179586,6.283185307179586,6.283185307179586,1.0,0.0,0.06000000000000005,0.94,0.0,190000.0,292307.6923076923,1.0,0.0
495,6.283185307179586,6.283185307179586,6.283185307179586,1.0,0.0,0.06000000000000005,0.94,0.001,190000.0,292307.6923076923,1.0,0.0
496,6.283185307179586,6.283185307179586,6.283185307179586,1.0,0.0,0.0,1.0,0.0,34000.0,6071.428571428572,0.0,0.0
497,6.283185307179586,6.283185307179586,6.283185307179586,1.0,0.0,0.0,1.0,0.001,34000.0,6071.428571428572,0.0,0.0
498,6.283185307179586,6.283185307179586,6.283185307179586,1.0,0.0,0.0,1.0,0.0,34000.0,6071.428571428572,1.0,0.0
499,6.283185307179586,6.283185307179586,6.283185307179586,1.0,0.0,0.0,1.0,0.001,34000.0,6071.428571428572,1.0,0.0
500,6.283185307179586,6.283185307179586,6.283185307179586,1.0,0.0,0.0,1.0,0.0,34000.0,52307.692307692305,0.0,0.0
501,6.283185307179586,6.283185307179586,6.283185307179586,1.0,0.0,0.0,1.0,0.001,34000.0,52307.692307692305,0.0,0.0
502,6.283185307179586,6.283185307179586,6.283185307179586,1.0,0.0,0.0,1.0,0.0,34000.0,52307.692307692305,1.0,0.0
503,6.283185307179586,6.283185307179586,6.283185307179586,1.0,0.0,0.0,1.0,0.001,34000.0,52307.692307692305,1.0,0.0
504,6.283185307179586,6.283185307179586,6.283185307179586,1.0,0.0,0.0,1.0,0.0,190000.0,33928.57142857143,0.0,0.0
505,6.283185307179586,6.283185307179586,6.283185307179586,1.0,0.0,0.0,1.0,0.001,190000.0,33928.57142857143,0.0,0.0
506,6.283185307179586,6.283185307179586,6.283185307179586,1.0,0.0,0.0,1.0,0.0,190000.0,33928.57142857143,1.0,0.0
507,6.283185307179586,6.283185307179586,6.283185307179586,1.0,0.0,0.0,1.0,0.001,190000.0,33928.57142857143,1.0,0.0
508,6.283185307179586,6.283185307179586,6.283185307179586,1.0,0.0,0.0,1.0,0.0,190000.0,292307.6923076923,0.0,0.0
509,6.283185307179586,6.283185307179586,6.283185307179586,1.0,0.0,0.0,1.0,0.001,190000.0,292307.6923076923,0.0,0.0
510,6.283185307179586,6.283185307179586,6.283185307179586,1.0,0.0,0.0,1.0,0.0,190000.0,292307.6923076923,1.0,0.0
511,6.283185307179586,6.283185307179586,6.283185307179586,1.0,0.0,0.0,1.0,0.001,190000.0,292307.6923076923,1.0,0.0
